{
	"description": "项目配置文件",
	"packOptions": {
		"ignore": []
	},
	"setting": {
		"urlCheck": true,
		"es6": true,
		"postcss": true,
		"minified": true,
		"newFeature": true,
		"coverView": true,
		"autoAudits": false,
		"checkInvalidKey": true,
		"checkSiteMap": true,
		"uploadWithSourceMap": true,
		"babelSetting": {
			"ignore": [],
			"disablePlugins": [],
			"outputPath": ""
		}
	},
	"compileType": "miniprogram",
	"libVersion": "2.6.6",
	"appid": "wxa6d560c89f4a0987",
	"projectname": "minapp-test",
	"debugOptions": {
		"hidedInDevtools": []
	},
	"isGameTourist": false,
	"simulatorType": "wechat",
	"simulatorPluginLibVersion": {},
	"condition": {
		"search": {
			"current": -1,
			"list": []
		},
		"conversation": {
			"current": -1,
			"list": []
		},
		"plugin": {
			"current": -1,
			"list": []
		},
		"game": {
			"currentL": -1,
			"list": []
		},
		"miniprogram": {
			"current": 8,
			"list": [
				{
					"id": -1,
					"name": "test",
					"pathName": "pages/test/test",
					"query": "",
					"scene": null
				},
				{
					"id": 1,
					"name": "index",
					"pathName": "pages/index/index",
					"query": "",
					"scene": null
				},
				{
					"id": 2,
					"name": "mode",
					"pathName": "pages/mode/mode",
					"query": "",
					"scene": null
				},
				{
					"id": -1,
					"name": "home",
					"pathName": "pages/home/home",
					"query": "",
					"scene": null
				},
				{
					"id": -1,
					"name": "study",
					"pathName": "pages/study/study",
					"query": "",
					"scene": null
				},
				{
					"id": -1,
					"name": "sconclusion",
					"pathName": "pages/sconclusion/sconclusion",
					"query": "",
					"scene": null
				},
				{
					"id": -1,
					"name": "poster",
					"pathName": "pages/poster/poster",
					"query": "",
					"scene": null
				},
				{
					"id": -1,
					"name": "user",
					"pathName": "pages/user/user",
					"query": "",
					"scene": null
				},
				{
					"id": -1,
					"name": "studyExam",
					"pathName": "pages/study-exam/study-exam",
					"scene": null
				}
			]
		}
	}
}